[{"model": "accounts.member", "pk": 1, "fields": {"password": "pbkdf2_sha256$390000$t3KOEc9WZsoNrosYStPC6K$9qTyCx/OCwe8y9tJGHKAGZY1vhSnutgz621tkg7vY4o=", "last_login": "2022-10-05T15:55:08.921Z", "email": "user@user.com", "nickname": "회원", "gender": "M", "birth": 19951220, "profile_image_id": 3, "liked_thumbnail": "5,15", "resigned_time": null, "date_joined": "2022-09-16T05:27:53.740Z", "is_today": "2022-10-05T13:51:01.068Z", "is_active": true, "is_admin": false, "tags": [1, 6, 7, 8, 10, 11, 22, 24, 26, 34, 61, 96, 108, 113, 149, 160, 185, 197], "liked_webtoons": [1, 16, 20, 27, 42, 43, 151, 216, 227, 396, 432, 636, 716, 726, 728, 786, 1190, 1195, 1273, 1296, 1795, 1919, 1926, 2445, 2646, 2703, 3332, 3426, 3493, 3904, 4695, 4748]}}, {"model": "accounts.member", "pk": 2, "fields": {"password": "pbkdf2_sha256$390000$Na84Sln710VXQb8QgeaguK$T/kkd2mMgQvvcsIIlTEc3kKDec8UvlOlOSqrsz0Kin4=", "last_login": null, "email": "user@example.com", "nickname": "홍홍", "gender": "F", "birth": 19991029, "profile_image_id": 1, "liked_thumbnail": "6,16", "resigned_time": null, "date_joined": "2022-09-16T10:02:05.986Z", "is_today": null, "is_active": true, "is_admin": false, "tags": [], "liked_webtoons": []}}, {"model": "accounts.member", "pk": 3, "fields": {"password": "pbkdf2_sha256$390000$FbGkWixsIBJ0tdkHHXRTKC$9Ctig1Vk72Mm82fGd1gWsPjtZ7CHlX2xXkvUoGYJWAU=", "last_login": "2022-10-05T15:01:12.532Z", "email": "user2@user.com", "nickname": "회원2", "gender": "M", "birth": 19951230, "profile_image_id": 0, "liked_thumbnail": "1,2", "resigned_time": null, "date_joined": "2022-09-19T06:50:14.861Z", "is_today": "2022-09-28T02:28:39.305Z", "is_active": true, "is_admin": false, "tags": [], "liked_webtoons": []}}, {"model": "accounts.member", "pk": 4, "fields": {"password": "pbkdf2_sha256$390000$hjWfB6EKrwcEL3XyomCeKo$KEpce1OHXRVax5wbwiPC7Uri0JJlnSB+saSOdY7bpJ0=", "last_login": null, "email": "user3@user.com", "nickname": "회원3", "gender": "M", "birth": 19951230, "profile_image_id": 0, "liked_thumbnail": "8,18", "resigned_time": null, "date_joined": "2022-09-19T06:59:43.032Z", "is_today": null, "is_active": true, "is_admin": false, "tags": [], "liked_webtoons": []}}, {"model": "accounts.member", "pk": 5, "fields": {"password": "pbkdf2_sha256$390000$MnxxfBVaB2qvnzfu5Afhde$+oB6a0D0zjBU8rpwFYB8pEgfxCLUiy0nZrEL821/Dbc=", "last_login": "2022-10-06T12:44:18.478Z", "email": "user4@user.com", "nickname": "회원4", "gender": "M", "birth": 19951230, "profile_image_id": 0, "liked_thumbnail": "9,20", "resigned_time": null, "date_joined": "2022-09-19T07:00:05.730Z", "is_today": null, "is_active": true, "is_admin": false, "tags": [], "liked_webtoons": []}}, {"model": "accounts.member", "pk": 6, "fields": {"password": "pbkdf2_sha256$390000$T3JNQjriTNTje0bKwXWPOW$+i8Og5IlA2LRCwnaFLcphtTbPQLiHA7uB3HisRMnUsQ=", "last_login": null, "email": "user5@user.com", "nickname": "ss", "gender": "M", "birth": 19951203, "profile_image_id": 0, "liked_thumbnail": "1,2,3,26", "resigned_time": null, "date_joined": "2022-09-19T07:09:44.556Z", "is_today": null, "is_active": true, "is_admin": false, "tags": [], "liked_webtoons": []}}, {"model": "accounts.member", "pk": 7, "fields": {"password": "pbkdf2_sha256$390000$MlPBQfnWA4vBbT6Z4kQGt3$6XwbBW6k0mYZUnHeur29zyswZhW3VDV+4OibmHWQGxA=", "last_login": null, "email": "user10@user.com", "nickname": "회원10", "gender": "M", "birth": 19951230, "profile_image_id": 0, "liked_thumbnail": "1,6,10", "resigned_time": null, "date_joined": "2022-09-19T07:21:11.056Z", "is_today": null, "is_active": true, "is_admin": false, "tags": [], "liked_webtoons": []}}, {"model": "accounts.member", "pk": 8, "fields": {"password": "pbkdf2_sha256$390000$X7O1AMEHnx4zGWhGr4t1Gs$dYsbYhaQJFqjGULVvjWY51xx5DVIPaML5f+VuRt39/Y=", "last_login": "2022-09-23T06:14:53.326Z", "email": "user11@user.com", "nickname": "유저11", "gender": "M", "birth": 19960317, "profile_image_id": 0, "liked_thumbnail": "1,2,3", "resigned_time": null, "date_joined": "2022-09-19T08:15:59.338Z", "is_today": null, "is_active": true, "is_admin": false, "tags": [], "liked_webtoons": [3, 11, 15, 16, 24, 27, 127, 227, 527]}}, {"model": "accounts.member", "pk": 9, "fields": {"password": "pbkdf2_sha256$390000$Gu2AVmbkwjyWnnHB75vz13$eHC/PSTTzgJra4cSjVd8hZtwNz/U30+nqRreAQiLmtk=", "last_login": null, "email": "test@gmail.com", "nickname": "qe12eqw", "gender": "M", "birth": 20000101, "profile_image_id": 0, "liked_thumbnail": "1, 5", "resigned_time": null, "date_joined": "2022-09-19T08:34:01.869Z", "is_today": null, "is_active": true, "is_admin": false, "tags": [], "liked_webtoons": []}}, {"model": "accounts.member", "pk": 10, "fields": {"password": "pbkdf2_sha256$390000$sRd2eJSqrDLrvMMoQtw2v7$qsyvOvGwidOJFoKuWeQsZMDazg/t1E60vhnf4ay1CX0=", "last_login": null, "email": "ehdrms@gmail.com", "nickname": "qwer", "gender": "M", "birth": 12123124, "profile_image_id": 0, "liked_thumbnail": "1, 5", "resigned_time": null, "date_joined": "2022-09-19T08:39:22.885Z", "is_today": null, "is_active": true, "is_admin": false, "tags": [], "liked_webtoons": []}}, {"model": "accounts.member", "pk": 11, "fields": {"password": "pbkdf2_sha256$390000$RoPpP6Z3mD9T8NjCZwYwA4$59amZLVKfzjm2goIW5YYfkCLgK5pbCbk87GWObLuTyg=", "last_login": null, "email": "test1@gmail.com", "nickname": "테스트", "gender": "M", "birth": 12313123, "profile_image_id": 0, "liked_thumbnail": "1, 5", "resigned_time": null, "date_joined": "2022-09-19T12:03:50.753Z", "is_today": null, "is_active": true, "is_admin": false, "tags": [], "liked_webtoons": []}}, {"model": "accounts.member", "pk": 12, "fields": {"password": "pbkdf2_sha256$390000$xkMsPVDDBByoHygPbjf2iF$WRIAsdgj/4SFqi8QxCzBb4Ckp2udrMGriX+pMo+OPCA=", "last_login": "2022-09-30T06:45:24.326Z", "email": "user12@user.com", "nickname": "회원12", "gender": "M", "birth": 19951220, "profile_image_id": 0, "liked_thumbnail": "1,5", "resigned_time": null, "date_joined": "2022-09-20T06:48:48.276Z", "is_today": "2022-09-23T06:15:42.760Z", "is_active": true, "is_admin": false, "tags": [], "liked_webtoons": []}}, {"model": "accounts.member", "pk": 13, "fields": {"password": "pbkdf2_sha256$390000$o2KdvfQZTBseoy09P2m27p$jsJhKwsxGJw7Rnmz1xrJEAnhamM4viSKxRpJHWVy2jM=", "last_login": "2022-10-05T09:12:06.919Z", "email": "user13@user.com", "nickname": "회원13", "gender": "M", "birth": 19951202, "profile_image_id": 0, "liked_thumbnail": "1,10,3", "resigned_time": null, "date_joined": "2022-09-20T07:05:51.922Z", "is_today": "2022-09-30T06:44:03.806Z", "is_active": true, "is_admin": false, "tags": [3], "liked_webtoons": [1, 2, 3]}}, {"model": "accounts.member", "pk": 14, "fields": {"password": "pbkdf2_sha256$390000$MQ4j597k3Ax3h2FO4ruo34$tqFNSUKA7PXTYxQDfck7dyPQcGhiI5koOOHtwXWsCQU=", "last_login": "2022-10-06T13:03:05.716Z", "email": "dlghdwn10@naver.com", "nickname": "123", "gender": "F", "birth": 19991029, "profile_image_id": 0, "liked_thumbnail": "1, 5", "resigned_time": null, "date_joined": "2022-09-22T00:27:22.205Z", "is_today": "2022-10-06T12:20:35.519Z", "is_active": true, "is_admin": false, "tags": [2, 5, 6, 8, 11, 22, 46, 49, 97, 101, 112, 140, 141, 221], "liked_webtoons": [2, 13, 26, 198, 284, 400, 513, 518, 626, 1115, 1363, 2960, 3903]}}, {"model": "accounts.member", "pk": 15, "fields": {"password": "pbkdf2_sha256$390000$ZROtTsHlqO4CUyIzJAjIU3$BO5kLb7vqwrlBYfJ/jNvFMLkNg4l3MnBkx2dd1tIop8=", "last_login": "2022-10-05T15:05:10.005Z", "email": "test@test.com", "nickname": "유저데스", "gender": "F", "birth": 20020202, "profile_image_id": 0, "liked_thumbnail": "2,4", "resigned_time": null, "date_joined": "2022-09-23T01:01:36.153Z", "is_today": "2022-10-05T13:56:19.194Z", "is_active": true, "is_admin": false, "tags": [58, 59, 93], "liked_webtoons": [1, 43, 64, 148, 171, 284, 349, 392, 560, 606, 757, 786, 805, 818, 949, 1010, 1041, 1052, 1087, 1144, 1149, 1153, 1193, 1209, 1220, 1268, 1276, 1343, 1359, 1404, 1514, 1592, 1760, 1982, 2053, 2160, 2269, 2270, 2421, 2703, 2960, 3349, 3508]}}, {"model": "accounts.member", "pk": 16, "fields": {"password": "pbkdf2_sha256$390000$Owg4HkkcQZkOgMTBr8ucGx$31HcSmq4uA09Arpy7dt6ncOLaGTJ/5gmcqgiDnyAcsA=", "last_login": "2022-10-06T13:50:38.959Z", "email": "2753dudwns@naver.com", "nickname": "아그작", "gender": "M", "birth": 19960316, "profile_image_id": 3, "liked_thumbnail": "3", "resigned_time": null, "date_joined": "2022-09-23T06:47:27.269Z", "is_today": "2022-10-06T13:36:54.979Z", "is_active": true, "is_admin": false, "tags": [10, 16, 22, 25, 28, 33, 61, 62, 65, 70, 72, 89, 98, 99, 110, 122, 124], "liked_webtoons": [13, 43, 64, 280, 1149, 1209]}}, {"model": "accounts.member", "pk": 17, "fields": {"password": "pbkdf2_sha256$390000$scoAWKbluUinpzbtKuSJ49$5zjL3juLYCMvygEiuEq3DT8sO2sII+YgwQxJnptU6CA=", "last_login": "2022-10-06T14:05:33.513Z", "email": "bem2183@naver.com", "nickname": "부처님의솜씨", "gender": "M", "birth": 19941210, "profile_image_id": 5, "liked_thumbnail": "5", "resigned_time": null, "date_joined": "2022-09-23T08:04:08.079Z", "is_today": "2022-10-06T12:20:54.324Z", "is_active": true, "is_admin": false, "tags": [2, 5, 6, 12, 16, 23, 46, 87, 97], "liked_webtoons": [12, 26, 42, 64, 198, 261, 284, 400, 626, 636, 894, 1115, 1195, 1326, 1437, 2053]}}, {"model": "accounts.member", "pk": 18, "fields": {"password": "pbkdf2_sha256$390000$vbaY8pJUC8IzgbMXBCXjD1$x0uRmtxwWXljTuqAc1OFUZY8MkkFsUJ01PPhYoea9/0=", "last_login": null, "email": "dlghdwn10@gmail.com", "nickname": "321", "gender": "M", "birth": 20050303, "profile_image_id": 0, "liked_thumbnail": "2,4,3,1", "resigned_time": null, "date_joined": "2022-09-26T01:05:54.960Z", "is_today": null, "is_active": true, "is_admin": false, "tags": [], "liked_webtoons": []}}, {"model": "accounts.member", "pk": 19, "fields": {"password": "pbkdf2_sha256$390000$ky7k8ObA5WlJinbwvThliw$NA9IZ20uZpQiwA3ad/yHB/dJbJek083jTS2T5CelKUo=", "last_login": "2022-10-02T09:19:48.831Z", "email": "test1@test.com", "nickname": "테스트유저데스", "gender": "M", "birth": 19960905, "profile_image_id": 0, "liked_thumbnail": "2,5", "resigned_time": null, "date_joined": "2022-09-26T05:13:52.660Z", "is_today": null, "is_active": true, "is_admin": false, "tags": [], "liked_webtoons": []}}, {"model": "accounts.member", "pk": 20, "fields": {"password": "pbkdf2_sha256$390000$fjZCosIUEwEHXwQWazVFGF$ruJBr+ILSfXKPMiwJMirzdQ4287nEOrL/IvPHKm98eY=", "last_login": null, "email": "test12@test.com", "nickname": "테스트유저데스1", "gender": "M", "birth": 11111111, "profile_image_id": 0, "liked_thumbnail": "2,3", "resigned_time": null, "date_joined": "2022-09-26T05:14:30.862Z", "is_today": null, "is_active": true, "is_admin": false, "tags": [], "liked_webtoons": []}}, {"model": "accounts.member", "pk": 21, "fields": {"password": "pbkdf2_sha256$390000$Q7Mqph1qzgEyaHnKgYJRbw$x4bkLDnLTZpDhVGdo5Q5r0D+tVYwLfFpbBxqs5Ndef0=", "last_login": "2022-09-29T23:58:16.357Z", "email": "test2@test.com", "nickname": "test유저데스", "gender": "F", "birth": 19851222, "profile_image_id": 0, "liked_thumbnail": "3,4,1", "resigned_time": null, "date_joined": "2022-09-26T05:28:25.868Z", "is_today": null, "is_active": true, "is_admin": false, "tags": [], "liked_webtoons": []}}, {"model": "accounts.member", "pk": 22, "fields": {"password": "pbkdf2_sha256$390000$ASekHwd4nYupXKHiUk4rfV$Rae9NgObgPjLS7NHPa8oBG4wrypUfipSfj1AM4THVyA=", "last_login": "2022-10-05T13:57:28.224Z", "email": "test5@test.com", "nickname": "테스트데스", "gender": "M", "birth": 19981227, "profile_image_id": 0, "liked_thumbnail": "64,277,2076,2039,1929,1923", "resigned_time": null, "date_joined": "2022-09-27T01:57:58.090Z", "is_today": "2022-10-05T10:32:47.533Z", "is_active": true, "is_admin": false, "tags": [], "liked_webtoons": []}}, {"model": "accounts.member", "pk": 23, "fields": {"password": "pbkdf2_sha256$390000$FZguvf5iDmhT2W7Fmkra30$ogn0/M1kIuwtT3dbpqIenUv9MpkLP+RA5Xgha43XCLs=", "last_login": "2022-10-02T04:13:53.917Z", "email": "dlghdwn11@gmail.com", "nickname": "홍쥬쥬", "gender": "F", "birth": 19971031, "profile_image_id": 0, "liked_thumbnail": "88,626,1115,1209,2039,2076,2193", "resigned_time": null, "date_joined": "2022-09-27T06:16:59.295Z", "is_today": "2022-10-01T05:14:06.896Z", "is_active": true, "is_admin": false, "tags": [8, 24, 115], "liked_webtoons": [636, 976, 1115]}}, {"model": "accounts.member", "pk": 24, "fields": {"password": "pbkdf2_sha256$390000$F3GsInJAwUiLF1eiZzECWe$llGj4XhciSaCbwlZFyoVMEeudAos+hdi/uFFIqUpMr0=", "last_login": "2022-09-29T11:34:06.193Z", "email": "ssafy@ssafy.com", "nickname": "오딧세이는내우산", "gender": "M", "birth": 19941210, "profile_image_id": 0, "liked_thumbnail": "1918,1261,1328,1115", "resigned_time": null, "date_joined": "2022-09-29T01:48:45.673Z", "is_today": null, "is_active": true, "is_admin": false, "tags": [], "liked_webtoons": []}}, {"model": "accounts.member", "pk": 25, "fields": {"password": "pbkdf2_sha256$390000$mO4PFO1NTgzaEj3V521jwO$0EoIb7Zf3p13JyhwBex7w4KOWkCe1P4CwePCTpYGvLw=", "last_login": "2022-10-05T10:38:34.360Z", "email": "test8@test.com", "nickname": "여덟번째테스트유저데스", "gender": "M", "birth": 20030702, "profile_image_id": 0, "liked_thumbnail": "64,43,244,88,10,245,626,833,1115,636,1851,1918,2076,2193,2039,2654,2260", "resigned_time": null, "date_joined": "2022-09-29T10:18:50.400Z", "is_today": null, "is_active": true, "is_admin": false, "tags": [], "liked_webtoons": [13, 78, 280, 481, 1052, 1087, 1144, 4870]}}, {"model": "accounts.member", "pk": 26, "fields": {"password": "pbkdf2_sha256$390000$wildquGBpo7NSfou9xvXTQ$W/bLanTBkvzpKfHPtD6wCkoNw1qou9DEt28B4OA1xfI=", "last_login": "2022-10-05T15:58:33.949Z", "email": "BTS@bts.bts", "nickname": "방탄소년단", "gender": "M", "birth": 20130613, "profile_image_id": 5, "liked_thumbnail": "64", "resigned_time": null, "date_joined": "2022-09-29T13:14:00.973Z", "is_today": "2022-10-02T11:03:48.212Z", "is_active": true, "is_admin": false, "tags": [129, 172, 176], "liked_webtoons": [64, 233, 1795, 3904, 4511]}}, {"model": "accounts.member", "pk": 27, "fields": {"password": "pbkdf2_sha256$390000$4WyXR9bpPsLnNgoMtL7sfS$1Yafxy5rwEVDsj7GSp1fIxFmdtTi+6lH5GDACkYiKIA=", "last_login": "2022-09-30T08:39:29.075Z", "email": "first@login.com", "nickname": "첫로그인운세", "gender": "M", "birth": 19941210, "profile_image_id": 4, "liked_thumbnail": "244", "resigned_time": null, "date_joined": "2022-09-30T08:37:26.509Z", "is_today": "2022-09-30T08:37:34.335Z", "is_active": true, "is_admin": false, "tags": [], "liked_webtoons": []}}, {"model": "accounts.member", "pk": 28, "fields": {"password": "pbkdf2_sha256$390000$AcliGX9gtjTEvA8LC8dpRp$vbvxDgToZhgTizOZPI0qvejCEuFWOCKAgji7D7rHSrY=", "last_login": "2022-09-30T08:41:23.668Z", "email": "first@test.com", "nickname": "오늘의운세?", "gender": "M", "birth": 19941210, "profile_image_id": 0, "liked_thumbnail": "43,1115,2370", "resigned_time": null, "date_joined": "2022-09-30T08:41:13.052Z", "is_today": null, "is_active": true, "is_admin": false, "tags": [], "liked_webtoons": []}}, {"model": "accounts.member", "pk": 29, "fields": {"password": "pbkdf2_sha256$390000$uBYsQlJrPcGHLK0AKm8vhX$TT8gDvhBAmMRT+Dzwuy49+iapdBAbz++zY+IyR+VvD0=", "last_login": "2022-10-06T05:22:21.931Z", "email": "edu@ssafy.com", "nickname": "소중한 교육지원금", "gender": "M", "birth": 19941210, "profile_image_id": 1, "liked_thumbnail": "244,88,277,275,1012,1929,2076,2654", "resigned_time": null, "date_joined": "2022-09-30T11:11:39.439Z", "is_today": "2022-09-30T11:15:49.744Z", "is_active": true, "is_admin": false, "tags": [], "liked_webtoons": [1508]}}, {"model": "accounts.member", "pk": 30, "fields": {"password": "pbkdf2_sha256$390000$8QeJ0bUMZmm0wr1GKWuXyk$ayRtKPn5RL1Umeg1qDM/tHTJEGpVi7Fo1gO+wpvHMns=", "last_login": "2022-10-05T16:45:36.546Z", "email": "ehdrms@naver.com", "nickname": "나는동근", "gender": "M", "birth": 19960905, "profile_image_id": 1, "liked_thumbnail": "64,88,244,245,275,277,636,833,1115,1143,1209,1851,1929,2370", "resigned_time": null, "date_joined": "2022-09-30T12:42:23.533Z", "is_today": null, "is_active": true, "is_admin": false, "tags": [], "liked_webtoons": [315, 1883, 3158]}}, {"model": "accounts.member", "pk": 31, "fields": {"password": "pbkdf2_sha256$390000$fE9jytFCwhcoBrk9ZJvAcM$/sPwXfGf/oDToQKjt1JuedQtPBTLgws+AJvbv7d7Vrc=", "last_login": "2022-10-03T01:26:03.825Z", "email": "dlghdwn12@naver.com", "nickname": "야호!", "gender": "F", "birth": 19870202, "profile_image_id": 3, "liked_thumbnail": "64,10,245,1115,1209,2076,2260", "resigned_time": null, "date_joined": "2022-10-02T04:22:42.316Z", "is_today": "2022-10-03T01:20:15.173Z", "is_active": true, "is_admin": false, "tags": [], "liked_webtoons": [4561]}}, {"model": "accounts.member", "pk": 32, "fields": {"password": "pbkdf2_sha256$390000$pu1GysjDc89lFaYGBLrGBy$I0in/NXldBor0s2XOvDneQ5CCM76atz4bimWaTNx7WM=", "last_login": "2022-10-02T16:31:36.422Z", "email": "test3@test.com", "nickname": "세번째테스트유저데스", "gender": "F", "birth": 19980803, "profile_image_id": 0, "liked_thumbnail": "626,2076,2193,2260,2039", "resigned_time": null, "date_joined": "2022-10-02T16:31:29.133Z", "is_today": null, "is_active": true, "is_admin": false, "tags": [], "liked_webtoons": [2255, 3000, 4650]}}, {"model": "accounts.member", "pk": 33, "fields": {"password": "pbkdf2_sha256$390000$JZogfWI4pxA43Vfb1Ivi2L$hzalEngMZvWxBS78gkJOivR/VDrq4uUsUNfyzclXKDQ=", "last_login": "2022-10-06T13:12:09.402Z", "email": "terrykim96@naver.com", "nickname": "인민군교복", "gender": "M", "birth": 19960317, "profile_image_id": 2, "liked_thumbnail": "64,636,244", "resigned_time": null, "date_joined": "2022-10-03T23:35:20.768Z", "is_today": "2022-10-05T14:54:19.628Z", "is_active": true, "is_admin": false, "tags": [10, 11, 12, 22, 29, 32, 39, 51, 62, 65], "liked_webtoons": [43, 64, 78, 167, 193, 280, 636, 2462, 3782]}}, {"model": "accounts.member", "pk": 34, "fields": {"password": "pbkdf2_sha256$390000$O4jaYjiNqF3F6IaXRqrjtb$RQFctbMLzhNRpScVwBrUr11j2yIlZwhSHtmvnqVpBh4=", "last_login": "2022-10-04T09:49:17.265Z", "email": "test11111@gmail.com", "nickname": "111121212", "gender": "M", "birth": 20121212, "profile_image_id": 0, "liked_thumbnail": "1143", "resigned_time": null, "date_joined": "2022-10-04T09:49:06.751Z", "is_today": null, "is_active": true, "is_admin": false, "tags": [], "liked_webtoons": []}}, {"model": "accounts.member", "pk": 35, "fields": {"password": "pbkdf2_sha256$390000$ezKBcxuICg4rpdFcuga6G2$EapUJDQ0DcHTzeNqFlJanHsps0HCCTS7paS/iI9E22E=", "last_login": "2022-10-06T13:31:28.097Z", "email": "tnfla9689@naver.com", "nickname": "이수림", "gender": "F", "birth": 20221004, "profile_image_id": 3, "liked_thumbnail": "88,275,1115,2039,2076", "resigned_time": null, "date_joined": "2022-10-04T12:25:42.767Z", "is_today": "2022-10-06T13:23:15.884Z", "is_active": true, "is_admin": false, "tags": [8, 32, 69], "liked_webtoons": [280, 349, 850, 1075, 3782, 4748]}}, {"model": "accounts.member", "pk": 36, "fields": {"password": "pbkdf2_sha256$390000$3UWqhc1BRUxyNCS6Gn75Ec$yu5MZus4JzmW04C87FwvQf2wKs6T7b8v988ZUBRS8uk=", "last_login": "2022-10-04T13:43:48.590Z", "email": "dev.dk@gmail.com", "nickname": "동근", "gender": "M", "birth": 19960905, "profile_image_id": 0, "liked_thumbnail": "64,833,275", "resigned_time": null, "date_joined": "2022-10-04T13:39:28.077Z", "is_today": null, "is_active": true, "is_admin": false, "tags": [], "liked_webtoons": [4039]}}, {"model": "accounts.member", "pk": 37, "fields": {"password": "pbkdf2_sha256$390000$ZyeGz3RNrGGt0ryV6RY1yo$Ly6aSZ3Jppb7kkf008RjiK5aRX3PyRv03bOtBaDKYwQ=", "last_login": "2022-10-06T05:54:57.551Z", "email": "black@pink.yg", "nickname": "블랙핑크", "gender": "F", "birth": 19941210, "profile_image_id": 1, "liked_thumbnail": "64,88,244,1115,636,275,1929", "resigned_time": null, "date_joined": "2022-10-05T00:36:30.879Z", "is_today": null, "is_active": true, "is_admin": false, "tags": [], "liked_webtoons": [4, 20, 26, 78, 219, 284, 462, 1087, 1209]}}, {"model": "accounts.member", "pk": 38, "fields": {"password": "pbkdf2_sha256$390000$SEj39CEw4TB62CsOwYRS4x$8zyxD0Loyl8q7MB0/FubXjy34RjlT/7bJAIHCP5r9O8=", "last_login": "2022-10-05T16:12:44.724Z", "email": "2753dudwns@gmail.com", "nickname": "아이유", "gender": "F", "birth": 19930516, "profile_image_id": 3, "liked_thumbnail": "64,10,277,275,245,636,833,1115,1923,1929,2194", "resigned_time": null, "date_joined": "2022-10-05T11:17:20.625Z", "is_today": "2022-10-05T15:50:59.471Z", "is_active": true, "is_admin": false, "tags": [10, 14, 22, 62, 108], "liked_webtoons": [43, 64, 151, 638, 1195, 1437]}}, {"model": "accounts.member", "pk": 39, "fields": {"password": "pbkdf2_sha256$390000$tyqG5rtnKSuhN2TV2U9flw$MAB0gieThY9rKcrVFVNOrckj1mmH3sYVrKhF3ZqABGc=", "last_login": "2022-10-05T13:31:12.143Z", "email": "alstjd1@naver.com", "nickname": "박정민", "gender": "M", "birth": 19870324, "profile_image_id": 0, "liked_thumbnail": "277,275,833,1851,2194", "resigned_time": null, "date_joined": "2022-10-05T11:19:18.553Z", "is_today": "2022-10-05T11:19:31.302Z", "is_active": true, "is_admin": false, "tags": [8, 32, 43, 48, 50, 62, 188, 200], "liked_webtoons": [64, 193, 275, 277, 280, 392, 1851, 1905, 1952, 2126]}}, {"model": "accounts.member", "pk": 40, "fields": {"password": "pbkdf2_sha256$390000$VY8k8lnnNAEnsMOCjTUeZF$2UfHR0mvdLwrhSWie6UANYrdsTqdTDwvsU6/6XTvpd4=", "last_login": "2022-10-05T11:31:23.552Z", "email": "alstjd2@naver.com", "nickname": "김영광", "gender": "M", "birth": 19870111, "profile_image_id": 0, "liked_thumbnail": "1923", "resigned_time": null, "date_joined": "2022-10-05T11:31:12.312Z", "is_today": null, "is_active": true, "is_admin": false, "tags": [32, 57, 58, 59, 85, 93, 188], "liked_webtoons": [97, 233, 315, 598, 632, 1952]}}, {"model": "accounts.member", "pk": 41, "fields": {"password": "pbkdf2_sha256$390000$fclnsirdojsV6uHCg1zsh6$Tizte2Rt3S6u5XZZ4KQOAQt8nz9D44+JvienR9pCDCg=", "last_login": "2022-10-05T13:48:57.167Z", "email": "alstjd3@naver.com", "nickname": "패황곰탱이", "gender": "M", "birth": 19900415, "profile_image_id": 3, "liked_thumbnail": "10,1851,2370", "resigned_time": null, "date_joined": "2022-10-05T13:48:42.782Z", "is_today": null, "is_active": true, "is_admin": false, "tags": [21, 22, 100], "liked_webtoons": [13, 78, 786, 1052, 1209, 1359]}}, {"model": "accounts.member", "pk": 42, "fields": {"password": "pbkdf2_sha256$390000$ZOneTJ2sjWh8Mzbgp9lCUH$JWXy0wt+be820N5J0aCjKS4wrj2eC6zSMMB7zJ5ajmk=", "last_login": "2022-10-05T14:56:23.808Z", "email": "terrykim96@gmail.com", "nickname": "싸피4반최고", "gender": "M", "birth": 19960317, "profile_image_id": 0, "liked_thumbnail": "636,1209,1851", "resigned_time": null, "date_joined": "2022-10-05T14:55:40.287Z", "is_today": null, "is_active": true, "is_admin": false, "tags": [], "liked_webtoons": []}}, {"model": "accounts.member", "pk": 43, "fields": {"password": "pbkdf2_sha256$390000$KdMLcAj1WB04a8aqgy9Nvq$/DjnNaojx4jezh0kdYvcjd4IPIjVIPvIrvhavdAkfUo=", "last_login": "2022-10-05T14:59:23.487Z", "email": "123123@asd.asdasd", "nickname": "11111111", "gender": "M", "birth": 19950314, "profile_image_id": 0, "liked_thumbnail": "88,275,636,1115,1143,1100", "resigned_time": null, "date_joined": "2022-10-05T14:59:17.087Z", "is_today": null, "is_active": true, "is_admin": false, "tags": [6, 23, 37, 89], "liked_webtoons": [166]}}, {"model": "accounts.member", "pk": 44, "fields": {"password": "pbkdf2_sha256$390000$qHzuNin2WuPMD3n6rPovsD$iBkEfRTqppZnEqVu7Meiw9/e0KZpukorQtRv76lNfuk=", "last_login": null, "email": "terrykim96@example.com", "nickname": "test123", "gender": "M", "birth": 19960317, "profile_image_id": 0, "liked_thumbnail": "43,833,2260", "resigned_time": null, "date_joined": "2022-10-05T15:12:13.226Z", "is_today": null, "is_active": true, "is_admin": false, "tags": [], "liked_webtoons": []}}, {"model": "accounts.member", "pk": 45, "fields": {"password": "pbkdf2_sha256$390000$rOxArpgZuGUdZe46t2i5tv$3uFhsPxa0a0njLLh5iq6KXtI4B+4hgkfUjYtZ9C3zZE=", "last_login": "2022-10-05T15:31:11.232Z", "email": "common@user.com", "nickname": "띄어쓰기방지", "gender": "M", "birth": 20221005, "profile_image_id": 3, "liked_thumbnail": "245,275,277", "resigned_time": null, "date_joined": "2022-10-05T15:31:02.031Z", "is_today": null, "is_active": true, "is_admin": false, "tags": [], "liked_webtoons": []}}, {"model": "accounts.member", "pk": 46, "fields": {"password": "pbkdf2_sha256$390000$rKd4DTvT3EWaTT4bL5QMwZ$uwytXsSlqLGUPU9Fs2+Y1WQdAZfLNq5cv9UwScvOfeI=", "last_login": "2022-10-06T12:22:44.519Z", "email": "old@old.com", "nickname": "대한독립만세", "gender": "M", "birth": 19190301, "profile_image_id": 0, "liked_thumbnail": "10,1851", "resigned_time": null, "date_joined": "2022-10-05T15:43:19.809Z", "is_today": "2022-10-05T16:02:25.707Z", "is_active": true, "is_admin": false, "tags": [], "liked_webtoons": [233, 1273, 3106, 3638]}}, {"model": "accounts.member", "pk": 47, "fields": {"password": "pbkdf2_sha256$390000$GCbIDsQoiYQAJ6bmIDhnkq$493KLgpOT4S/zdBROrc7rFxWF4PKOr1jj3onzRrqTpI=", "last_login": "2022-10-05T16:14:25.613Z", "email": "alstjd4@naver.com", "nickname": "서현", "gender": "F", "birth": 19910628, "profile_image_id": 1, "liked_thumbnail": "626,2076,2260", "resigned_time": null, "date_joined": "2022-10-05T15:53:12.835Z", "is_today": "2022-10-05T15:55:02.088Z", "is_active": true, "is_admin": false, "tags": [6, 101, 221], "liked_webtoons": [626, 2060, 2076, 2255, 3158]}}, {"model": "accounts.member", "pk": 48, "fields": {"password": "pbkdf2_sha256$390000$iUI8NUAeQV7s682ybkpAt2$U9YxrVp1GpNMPRDAEtCAC0xffoMZCQ5BNgK9TtZlG7g=", "last_login": "2022-10-06T13:03:58.739Z", "email": "young@young.com", "nickname": "요즘것들", "gender": "F", "birth": 20200222, "profile_image_id": 0, "liked_thumbnail": "43,88", "resigned_time": null, "date_joined": "2022-10-05T16:00:05.359Z", "is_today": "2022-10-06T12:22:21.141Z", "is_active": true, "is_admin": false, "tags": [6, 16, 77, 80, 109], "liked_webtoons": [64, 233, 1273]}}, {"model": "accounts.member", "pk": 49, "fields": {"password": "pbkdf2_sha256$390000$mzlrP67UzqPoZfyB5vjlxY$EBHIqV2Rk6JUpSZ0vihpapvH5t2iKcv33A9iin9RtiI=", "last_login": "2022-10-05T17:47:12.547Z", "email": "courage@ssafy.com", "nickname": "정용기컨설턴트", "gender": "M", "birth": 19880301, "profile_image_id": 5, "liked_thumbnail": "10,277,1100,1261,1851,1918,2194", "resigned_time": null, "date_joined": "2022-10-05T16:38:46.006Z", "is_today": null, "is_active": true, "is_admin": false, "tags": [34, 41, 48, 121, 188], "liked_webtoons": [42, 167, 233, 275, 319, 528, 598, 632, 636, 1760, 3051]}}, {"model": "accounts.member", "pk": 50, "fields": {"password": "pbkdf2_sha256$390000$BvjiPcWKM7ey3yTTuEOjpP$sUXp6V819pgRtQ6dChHY+tG8RXfPgPJOunKnPScBlK4=", "last_login": "2022-10-05T17:26:29.920Z", "email": "kws1@user.com", "nickname": "테스트1", "gender": "F", "birth": 20080105, "profile_image_id": 0, "liked_thumbnail": "64,833", "resigned_time": null, "date_joined": "2022-10-05T17:26:21.661Z", "is_today": null, "is_active": true, "is_admin": false, "tags": [], "liked_webtoons": [20, 280, 315, 349, 626, 774, 2009, 2060, 2065, 2076, 2160, 2231, 3000, 3158, 3782]}}, {"model": "accounts.member", "pk": 51, "fields": {"password": "pbkdf2_sha256$390000$1xVkVyXExsTpOZoAPx0jYy$/USMgAKv1Pf79nR2Xj1P7gC8ngr3lbp8tjvrDE3hJ/8=", "last_login": "2022-10-05T17:34:22.408Z", "email": "kws2@user.com", "nickname": "wedsa", "gender": "M", "birth": 20040422, "profile_image_id": 0, "liked_thumbnail": "88,64,1209,1328,2194", "resigned_time": null, "date_joined": "2022-10-05T17:34:16.691Z", "is_today": null, "is_active": true, "is_admin": false, "tags": [], "liked_webtoons": [26, 43, 53, 64, 78, 167, 315, 392, 567, 636, 923, 1056, 1073, 1087, 1137, 1209, 1273, 3785]}}, {"model": "accounts.member", "pk": 52, "fields": {"password": "pbkdf2_sha256$390000$ucaecBdD3n43QS885GMVnw$tIDczcGwqkzOKXGoNF8D2ZoAaeUzrkNPpkG59bXyZKU=", "last_login": "2022-10-05T17:46:44.957Z", "email": "forest@ssafy.com", "nickname": "이수림실습코치", "gender": "F", "birth": 19990909, "profile_image_id": 0, "liked_thumbnail": "64,88,626,636,1115,1929,2076,2193,2260", "resigned_time": null, "date_joined": "2022-10-05T17:34:57.005Z", "is_today": null, "is_active": true, "is_admin": false, "tags": [6, 10, 11, 12, 62, 101, 112], "liked_webtoons": [13, 43, 64, 167, 502, 626, 636]}}, {"model": "accounts.member", "pk": 53, "fields": {"password": "pbkdf2_sha256$390000$K1TqVwFl78zNyGLZKA2oOX$om3K8uOKASb9yKn2A04jvqCSGjyvVteMah7KWHzY8F8=", "last_login": "2022-10-05T17:41:30.368Z", "email": "kws3@user.com", "nickname": "sdanlf", "gender": "M", "birth": 20051203, "profile_image_id": 0, "liked_thumbnail": "88,64,1209,1328,2194,277,1918", "resigned_time": null, "date_joined": "2022-10-05T17:41:24.400Z", "is_today": null, "is_active": true, "is_admin": false, "tags": [], "liked_webtoons": [13, 43, 148, 678, 786, 850, 1052, 1087, 1369, 1952, 2498, 4038]}}, {"model": "accounts.member", "pk": 54, "fields": {"password": "pbkdf2_sha256$390000$yqUY0nzy6WCuPXheoYUgfU$GUklJenYoOD8rwRMX4tqVXbPWea1vGeJ2mWNl8bQtiY=", "last_login": "2022-10-06T13:23:50.201Z", "email": "progress@ssafy.com", "nickname": "이진행실습코치", "gender": "M", "birth": 19980808, "profile_image_id": 5, "liked_thumbnail": "2370,2194,833,636,275,277,64,244,245,1143,1851", "resigned_time": null, "date_joined": "2022-10-05T17:43:35.690Z", "is_today": "2022-10-05T17:43:43.020Z", "is_active": true, "is_admin": false, "tags": [8, 10, 29, 55, 78, 80, 109], "liked_webtoons": [27, 46, 110, 118, 167, 192, 237, 280]}}, {"model": "accounts.member", "pk": 55, "fields": {"password": "pbkdf2_sha256$390000$zBpwoCwaL98yTOZrtRYdnz$udzE0euOkZddg+BapzeJetPFJEoFWhqSax0W6AiuDHo=", "last_login": "2022-10-05T17:46:20.787Z", "email": "ehdrms121@gmail.com", "nickname": "동근이다", "gender": "M", "birth": 19880202, "profile_image_id": 0, "liked_thumbnail": "88,626,1012,1328,2039,1929,2193,2654", "resigned_time": null, "date_joined": "2022-10-05T17:46:06.852Z", "is_today": null, "is_active": true, "is_admin": false, "tags": [], "liked_webtoons": [818, 1087]}}, {"model": "accounts.member", "pk": 56, "fields": {"password": "pbkdf2_sha256$390000$waKKLnpfvEDv840wqCDZu0$mqQ+4GTf50nCKrwc3eXRzYTJGQ93cZ69WIVD5krSB/c=", "last_login": "2022-10-05T17:47:21.347Z", "email": "ehdrms232@gmail.com", "nickname": "동근이다2", "gender": "F", "birth": 20201202, "profile_image_id": 0, "liked_thumbnail": "2193,2654,2260,1209,1328,1851,636,277,245", "resigned_time": null, "date_joined": "2022-10-05T17:47:11.721Z", "is_today": null, "is_active": true, "is_admin": false, "tags": [], "liked_webtoons": []}}, {"model": "accounts.member", "pk": 57, "fields": {"password": "pbkdf2_sha256$390000$g9ZQdn5RZPBIBug2nOpeNx$YB6S7JRXW3yoFDEJVj+RI6pjMTvmQ8DA1Eqvfnfy8GA=", "last_login": null, "email": "ehdrms343@gmail.com", "nickname": "동그니당", "gender": "F", "birth": 19940203, "profile_image_id": 0, "liked_thumbnail": "88,626,1833,2039,2076,2193,2260", "resigned_time": null, "date_joined": "2022-10-05T21:03:27.722Z", "is_today": null, "is_active": true, "is_admin": false, "tags": [], "liked_webtoons": []}}, {"model": "accounts.member", "pk": 58, "fields": {"password": "pbkdf2_sha256$390000$tq3hjKGv8NKhamBrRRW9Uc$wGlhOUdDIY+P9JGVryB4LKHTJ1Wg2j4vlPr9ndGRykU=", "last_login": "2022-10-06T14:24:34.935Z", "email": "kws4@example.com", "nickname": "asfghx", "gender": "F", "birth": 20050122, "profile_image_id": 0, "liked_thumbnail": "64,626", "resigned_time": null, "date_joined": "2022-10-06T01:13:22.417Z", "is_today": "2022-10-06T01:13:26.423Z", "is_active": true, "is_admin": false, "tags": [], "liked_webtoons": [102, 167, 277, 626, 1326, 2060, 2065, 2076, 3000]}}, {"model": "accounts.member", "pk": 59, "fields": {"password": "pbkdf2_sha256$390000$J8fjFftFMLtdUVVNbHCfq2$eQ92dqDe9TmGlmqR73662Uh/XbnAl4FHTSNH9Tk2CeE=", "last_login": "2022-10-06T14:25:57.498Z", "email": "kws5@example.com", "nickname": "dahgc", "gender": "M", "birth": 20060502, "profile_image_id": 0, "liked_thumbnail": "64,626,10", "resigned_time": null, "date_joined": "2022-10-06T01:26:35.191Z", "is_today": "2022-10-06T01:26:40.134Z", "is_active": true, "is_admin": false, "tags": [], "liked_webtoons": [275, 277, 280, 315, 349, 786, 818, 1012, 1087, 1093, 1144, 1209, 1220, 1273, 1324, 1343, 2012, 2194, 2965, 3261, 3293, 3537, 3682]}}, {"model": "accounts.member", "pk": 60, "fields": {"password": "pbkdf2_sha256$390000$UQ3nCyNnv96ju4KS3a5zmE$a+GgZKNQuqmPxcPhCcZHw6r5NZMJNP7ea8mjpqSBQHA=", "last_login": null, "email": "terrykim1996@naver.com", "nickname": "최강싸피4반", "gender": "M", "birth": 19960317, "profile_image_id": 0, "liked_thumbnail": "245,64,1143", "resigned_time": null, "date_joined": "2022-10-06T13:12:00.878Z", "is_today": null, "is_active": true, "is_admin": false, "tags": [], "liked_webtoons": []}}, {"model": "accounts.member", "pk": 61, "fields": {"password": "pbkdf2_sha256$390000$yRyzUC92bY2LdwoICYLQcm$J3ROwdrsPyxL9bJ7EIXT/QXmhZ2rZFtiE5RctK1pgWM=", "last_login": "2022-10-06T15:12:18.293Z", "email": "alstjd5255@naver.com", "nickname": "패황곰돌이", "gender": "M", "birth": 19951220, "profile_image_id": 0, "liked_thumbnail": "64,275,277,1115,1328,2039", "resigned_time": null, "date_joined": "2022-10-06T15:11:34.300Z", "is_today": null, "is_active": true, "is_admin": false, "tags": [], "liked_webtoons": []}}, {"model": "accounts.member", "pk": 62, "fields": {"password": "pbkdf2_sha256$390000$2UpULpm4nZCPsde8xBzQNg$7oESOfYDMlQnVHDKymGDFkqVbPgkbOmtPn+N2v6T/a4=", "last_login": "2022-10-06T15:15:12.430Z", "email": "user20@user.com", "nickname": "유저20", "gender": "F", "birth": 19951220, "profile_image_id": 0, "liked_thumbnail": "64,88,626,1923,2076,2039", "resigned_time": null, "date_joined": "2022-10-06T15:14:56.803Z", "is_today": null, "is_active": true, "is_admin": false, "tags": [6, 10, 11, 23, 62], "liked_webtoons": [64, 68]}}, {"model": "accounts.member", "pk": 63, "fields": {"password": "pbkdf2_sha256$390000$zZDf0VKTFktAP9TozAuagu$gfx0T78AoDev1/BYfp6VeSYQ2PPlDUju1qgl6sg4DzQ=", "last_login": "2022-10-06T15:30:38.762Z", "email": "user21@user.com", "nickname": "유저21", "gender": "F", "birth": 19951220, "profile_image_id": 0, "liked_thumbnail": "10,43,88,277,1012,1328,1261,2039,2654", "resigned_time": null, "date_joined": "2022-10-06T15:30:26.029Z", "is_today": null, "is_active": true, "is_admin": false, "tags": [10, 11, 12], "liked_webtoons": [64]}}, {"model": "accounts.member_view_webtoons", "pk": 1, "fields": {"member": 1, "webtoon": 9}}, {"model": "accounts.member_view_webtoons", "pk": 2, "fields": {"member": 1, "webtoon": 42}}, {"model": "accounts.member_view_webtoons", "pk": 9, "fields": {"member": 1, "webtoon": 1789}}, {"model": "accounts.member_view_webtoons", "pk": 10, "fields": {"member": 1, "webtoon": 1795}}, {"model": "accounts.member_view_webtoons", "pk": 12, "fields": {"member": 1, "webtoon": 2651}}, {"model": "accounts.member_view_webtoons", "pk": 13, "fields": {"member": 1, "webtoon": 1296}}, {"model": "accounts.member_view_webtoons", "pk": 14, "fields": {"member": 1, "webtoon": 3051}}, {"model": "accounts.member_view_webtoons", "pk": 15, "fields": {"member": 1, "webtoon": 1444}}, {"model": "accounts.member_view_webtoons", "pk": 16, "fields": {"member": 1, "webtoon": 2880}}, {"model": "accounts.member_view_webtoons", "pk": 17, "fields": {"member": 1, "webtoon": 3426}}, {"model": "accounts.member_view_webtoons", "pk": 18, "fields": {"member": 13, "webtoon": 3}}, {"model": "accounts.member_view_webtoons", "pk": 19, "fields": {"member": 1, "webtoon": 2445}}, {"model": "accounts.member_view_webtoons", "pk": 21, "fields": {"member": 1, "webtoon": 1926}}, {"model": "accounts.member_view_webtoons", "pk": 22, "fields": {"member": 17, "webtoon": 42}}, {"model": "accounts.member_view_webtoons", "pk": 24, "fields": {"member": 17, "webtoon": 1111}}, {"model": "accounts.member_view_webtoons", "pk": 25, "fields": {"member": 14, "webtoon": 2535}}, {"model": "accounts.member_view_webtoons", "pk": 26, "fields": {"member": 14, "webtoon": 1340}}, {"model": "accounts.member_view_webtoons", "pk": 27, "fields": {"member": 14, "webtoon": 1041}}, {"model": "accounts.member_view_webtoons", "pk": 28, "fields": {"member": 14, "webtoon": 2831}}, {"model": "accounts.member_view_webtoons", "pk": 29, "fields": {"member": 14, "webtoon": 2395}}, {"model": "accounts.member_view_webtoons", "pk": 30, "fields": {"member": 14, "webtoon": 2829}}, {"model": "accounts.member_view_webtoons", "pk": 31, "fields": {"member": 14, "webtoon": 2090}}, {"model": "accounts.member_view_webtoons", "pk": 32, "fields": {"member": 14, "webtoon": 3903}}, {"model": "accounts.member_view_webtoons", "pk": 34, "fields": {"member": 17, "webtoon": 3106}}, {"model": "accounts.member_view_webtoons", "pk": 35, "fields": {"member": 14, "webtoon": 313}}, {"model": "accounts.member_view_webtoons", "pk": 36, "fields": {"member": 14, "webtoon": 2126}}, {"model": "accounts.member_view_webtoons", "pk": 37, "fields": {"member": 14, "webtoon": 16}}, {"model": "accounts.member_view_webtoons", "pk": 38, "fields": {"member": 14, "webtoon": 2407}}, {"model": "accounts.member_view_webtoons", "pk": 39, "fields": {"member": 14, "webtoon": 2475}}, {"model": "accounts.member_view_webtoons", "pk": 40, "fields": {"member": 14, "webtoon": 2498}}, {"model": "accounts.member_view_webtoons", "pk": 41, "fields": {"member": 14, "webtoon": 1311}}, {"model": "accounts.member_view_webtoons", "pk": 43, "fields": {"member": 14, "webtoon": 636}}, {"model": "accounts.member_view_webtoons", "pk": 44, "fields": {"member": 14, "webtoon": 3893}}, {"model": "accounts.member_view_webtoons", "pk": 45, "fields": {"member": 14, "webtoon": 210}}, {"model": "accounts.member_view_webtoons", "pk": 46, "fields": {"member": 14, "webtoon": 818}}, {"model": "accounts.member_view_webtoons", "pk": 49, "fields": {"member": 14, "webtoon": 4307}}, {"model": "accounts.member_view_webtoons", "pk": 50, "fields": {"member": 16, "webtoon": 42}}, {"model": "accounts.member_view_webtoons", "pk": 51, "fields": {"member": 14, "webtoon": 1115}}, {"model": "accounts.member_view_webtoons", "pk": 52, "fields": {"member": 14, "webtoon": 198}}, {"model": "accounts.member_view_webtoons", "pk": 53, "fields": {"member": 14, "webtoon": 400}}, {"model": "accounts.member_view_webtoons", "pk": 55, "fields": {"member": 17, "webtoon": 2703}}, {"model": "accounts.member_view_webtoons", "pk": 57, "fields": {"member": 16, "webtoon": 2703}}, {"model": "accounts.member_view_webtoons", "pk": 58, "fields": {"member": 17, "webtoon": 12}}, {"model": "accounts.member_view_webtoons", "pk": 59, "fields": {"member": 17, "webtoon": 636}}, {"model": "accounts.member_view_webtoons", "pk": 61, "fields": {"member": 1, "webtoon": 100}}, {"model": "accounts.member_view_webtoons", "pk": 62, "fields": {"member": 17, "webtoon": 1115}}, {"model": "accounts.member_view_webtoons", "pk": 63, "fields": {"member": 1, "webtoon": 3493}}, {"model": "accounts.member_view_webtoons", "pk": 64, "fields": {"member": 14, "webtoon": 1762}}, {"model": "accounts.member_view_webtoons", "pk": 65, "fields": {"member": 17, "webtoon": 3948}}, {"model": "accounts.member_view_webtoons", "pk": 69, "fields": {"member": 17, "webtoon": 626}}, {"model": "accounts.member_view_webtoons", "pk": 70, "fields": {"member": 17, "webtoon": 167}}, {"model": "accounts.member_view_webtoons", "pk": 75, "fields": {"member": 1, "webtoon": 1}}, {"model": "accounts.member_view_webtoons", "pk": 77, "fields": {"member": 14, "webtoon": 1789}}, {"model": "accounts.member_view_webtoons", "pk": 78, "fields": {"member": 1, "webtoon": 16}}, {"model": "accounts.member_view_webtoons", "pk": 81, "fields": {"member": 17, "webtoon": 198}}, {"model": "accounts.member_view_webtoons", "pk": 83, "fields": {"member": 14, "webtoon": 4479}}, {"model": "accounts.member_view_webtoons", "pk": 85, "fields": {"member": 14, "webtoon": 3086}}, {"model": "accounts.member_view_webtoons", "pk": 86, "fields": {"member": 14, "webtoon": 2960}}, {"model": "accounts.member_view_webtoons", "pk": 87, "fields": {"member": 14, "webtoon": 732}}, {"model": "accounts.member_view_webtoons", "pk": 88, "fields": {"member": 14, "webtoon": 1592}}, {"model": "accounts.member_view_webtoons", "pk": 91, "fields": {"member": 14, "webtoon": 632}}, {"model": "accounts.member_view_webtoons", "pk": 93, "fields": {"member": 17, "webtoon": 3339}}, {"model": "accounts.member_view_webtoons", "pk": 94, "fields": {"member": 23, "webtoon": 20}}, {"model": "accounts.member_view_webtoons", "pk": 95, "fields": {"member": 23, "webtoon": 1268}}, {"model": "accounts.member_view_webtoons", "pk": 96, "fields": {"member": 14, "webtoon": 20}}, {"model": "accounts.member_view_webtoons", "pk": 97, "fields": {"member": 14, "webtoon": 193}}, {"model": "accounts.member_view_webtoons", "pk": 98, "fields": {"member": 14, "webtoon": 1268}}, {"model": "accounts.member_view_webtoons", "pk": 100, "fields": {"member": 14, "webtoon": 518}}, {"model": "accounts.member_view_webtoons", "pk": 103, "fields": {"member": 14, "webtoon": 809}}, {"model": "accounts.member_view_webtoons", "pk": 104, "fields": {"member": 14, "webtoon": 1355}}, {"model": "accounts.member_view_webtoons", "pk": 105, "fields": {"member": 14, "webtoon": 1614}}, {"model": "accounts.member_view_webtoons", "pk": 106, "fields": {"member": 14, "webtoon": 1572}}, {"model": "accounts.member_view_webtoons", "pk": 107, "fields": {"member": 14, "webtoon": 1764}}, {"model": "accounts.member_view_webtoons", "pk": 108, "fields": {"member": 14, "webtoon": 883}}, {"model": "accounts.member_view_webtoons", "pk": 109, "fields": {"member": 14, "webtoon": 1254}}, {"model": "accounts.member_view_webtoons", "pk": 110, "fields": {"member": 1, "webtoon": 1073}}, {"model": "accounts.member_view_webtoons", "pk": 111, "fields": {"member": 1, "webtoon": 1794}}, {"model": "accounts.member_view_webtoons", "pk": 112, "fields": {"member": 1, "webtoon": 421}}, {"model": "accounts.member_view_webtoons", "pk": 113, "fields": {"member": 1, "webtoon": 1535}}, {"model": "accounts.member_view_webtoons", "pk": 114, "fields": {"member": 1, "webtoon": 861}}, {"model": "accounts.member_view_webtoons", "pk": 115, "fields": {"member": 1, "webtoon": 835}}, {"model": "accounts.member_view_webtoons", "pk": 116, "fields": {"member": 1, "webtoon": 1593}}, {"model": "accounts.member_view_webtoons", "pk": 117, "fields": {"member": 1, "webtoon": 880}}, {"model": "accounts.member_view_webtoons", "pk": 118, "fields": {"member": 1, "webtoon": 707}}, {"model": "accounts.member_view_webtoons", "pk": 119, "fields": {"member": 1, "webtoon": 692}}, {"model": "accounts.member_view_webtoons", "pk": 120, "fields": {"member": 1, "webtoon": 1448}}, {"model": "accounts.member_view_webtoons", "pk": 121, "fields": {"member": 1, "webtoon": 1165}}, {"model": "accounts.member_view_webtoons", "pk": 122, "fields": {"member": 1, "webtoon": 557}}, {"model": "accounts.member_view_webtoons", "pk": 123, "fields": {"member": 1, "webtoon": 1787}}, {"model": "accounts.member_view_webtoons", "pk": 125, "fields": {"member": 1, "webtoon": 1515}}, {"model": "accounts.member_view_webtoons", "pk": 126, "fields": {"member": 1, "webtoon": 1793}}, {"model": "accounts.member_view_webtoons", "pk": 127, "fields": {"member": 1, "webtoon": 797}}, {"model": "accounts.member_view_webtoons", "pk": 128, "fields": {"member": 1, "webtoon": 939}}, {"model": "accounts.member_view_webtoons", "pk": 129, "fields": {"member": 1, "webtoon": 2674}}, {"model": "accounts.member_view_webtoons", "pk": 130, "fields": {"member": 1, "webtoon": 2419}}, {"model": "accounts.member_view_webtoons", "pk": 131, "fields": {"member": 1, "webtoon": 3375}}, {"model": "accounts.member_view_webtoons", "pk": 132, "fields": {"member": 1, "webtoon": 4750}}, {"model": "accounts.member_view_webtoons", "pk": 133, "fields": {"member": 14, "webtoon": 1203}}, {"model": "accounts.member_view_webtoons", "pk": 134, "fields": {"member": 15, "webtoon": 2469}}, {"model": "accounts.member_view_webtoons", "pk": 135, "fields": {"member": 14, "webtoon": 880}}, {"model": "accounts.member_view_webtoons", "pk": 136, "fields": {"member": 14, "webtoon": 1073}}, {"model": "accounts.member_view_webtoons", "pk": 137, "fields": {"member": 14, "webtoon": 1793}}, {"model": "accounts.member_view_webtoons", "pk": 138, "fields": {"member": 14, "webtoon": 1259}}, {"model": "accounts.member_view_webtoons", "pk": 139, "fields": {"member": 14, "webtoon": 592}}, {"model": "accounts.member_view_webtoons", "pk": 140, "fields": {"member": 14, "webtoon": 1045}}, {"model": "accounts.member_view_webtoons", "pk": 141, "fields": {"member": 14, "webtoon": 1}}, {"model": "accounts.member_view_webtoons", "pk": 142, "fields": {"member": 14, "webtoon": 1421}}, {"model": "accounts.member_view_webtoons", "pk": 143, "fields": {"member": 14, "webtoon": 1124}}, {"model": "accounts.member_view_webtoons", "pk": 144, "fields": {"member": 14, "webtoon": 1305}}, {"model": "accounts.member_view_webtoons", "pk": 145, "fields": {"member": 14, "webtoon": 922}}, {"model": "accounts.member_view_webtoons", "pk": 146, "fields": {"member": 14, "webtoon": 4296}}, {"model": "accounts.member_view_webtoons", "pk": 147, "fields": {"member": 14, "webtoon": 607}}, {"model": "accounts.member_view_webtoons", "pk": 148, "fields": {"member": 14, "webtoon": 1719}}, {"model": "accounts.member_view_webtoons", "pk": 149, "fields": {"member": 1, "webtoon": 1687}}, {"model": "accounts.member_view_webtoons", "pk": 151, "fields": {"member": 1, "webtoon": 3229}}, {"model": "accounts.member_view_webtoons", "pk": 152, "fields": {"member": 14, "webtoon": 4583}}, {"model": "accounts.member_view_webtoons", "pk": 153, "fields": {"member": 23, "webtoon": 4645}}, {"model": "accounts.member_view_webtoons", "pk": 154, "fields": {"member": 17, "webtoon": 2194}}, {"model": "accounts.member_view_webtoons", "pk": 155, "fields": {"member": 17, "webtoon": 1313}}, {"model": "accounts.member_view_webtoons", "pk": 156, "fields": {"member": 31, "webtoon": 702}}, {"model": "accounts.member_view_webtoons", "pk": 157, "fields": {"member": 14, "webtoon": 26}}, {"model": "accounts.member_view_webtoons", "pk": 158, "fields": {"member": 17, "webtoon": 1326}}, {"model": "accounts.member_view_webtoons", "pk": 159, "fields": {"member": 17, "webtoon": 64}}, {"model": "accounts.member_view_webtoons", "pk": 160, "fields": {"member": 26, "webtoon": 64}}, {"model": "accounts.member_view_webtoons", "pk": 161, "fields": {"member": 1, "webtoon": 3086}}, {"model": "accounts.member_view_webtoons", "pk": 162, "fields": {"member": 1, "webtoon": 4479}}, {"model": "accounts.member_view_webtoons", "pk": 163, "fields": {"member": 1, "webtoon": 2114}}, {"model": "accounts.member_view_webtoons", "pk": 164, "fields": {"member": 1, "webtoon": 2014}}, {"model": "accounts.member_view_webtoons", "pk": 166, "fields": {"member": 1, "webtoon": 4459}}, {"model": "accounts.member_view_webtoons", "pk": 167, "fields": {"member": 1, "webtoon": 4415}}, {"model": "accounts.member_view_webtoons", "pk": 168, "fields": {"member": 1, "webtoon": 4728}}, {"model": "accounts.member_view_webtoons", "pk": 169, "fields": {"member": 1, "webtoon": 3293}}, {"model": "accounts.member_view_webtoons", "pk": 170, "fields": {"member": 1, "webtoon": 4684}}, {"model": "accounts.member_view_webtoons", "pk": 171, "fields": {"member": 1, "webtoon": 3285}}, {"model": "accounts.member_view_webtoons", "pk": 172, "fields": {"member": 1, "webtoon": 4692}}, {"model": "accounts.member_view_webtoons", "pk": 173, "fields": {"member": 1, "webtoon": 3312}}, {"model": "accounts.member_view_webtoons", "pk": 174, "fields": {"member": 1, "webtoon": 4548}}, {"model": "accounts.member_view_webtoons", "pk": 175, "fields": {"member": 1, "webtoon": 4676}}, {"model": "accounts.member_view_webtoons", "pk": 176, "fields": {"member": 1, "webtoon": 3282}}, {"model": "accounts.member_view_webtoons", "pk": 177, "fields": {"member": 1, "webtoon": 4438}}, {"model": "accounts.member_view_webtoons", "pk": 178, "fields": {"member": 1, "webtoon": 3315}}, {"model": "accounts.member_view_webtoons", "pk": 179, "fields": {"member": 1, "webtoon": 3318}}, {"model": "accounts.member_view_webtoons", "pk": 180, "fields": {"member": 1, "webtoon": 3294}}, {"model": "accounts.member_view_webtoons", "pk": 181, "fields": {"member": 1, "webtoon": 4775}}, {"model": "accounts.member_view_webtoons", "pk": 182, "fields": {"member": 1, "webtoon": 3263}}, {"model": "accounts.member_view_webtoons", "pk": 183, "fields": {"member": 1, "webtoon": 3272}}, {"model": "accounts.member_view_webtoons", "pk": 184, "fields": {"member": 1, "webtoon": 4573}}, {"model": "accounts.member_view_webtoons", "pk": 185, "fields": {"member": 1, "webtoon": 3297}}, {"model": "accounts.member_view_webtoons", "pk": 186, "fields": {"member": 1, "webtoon": 4599}}, {"model": "accounts.member_view_webtoons", "pk": 187, "fields": {"member": 1, "webtoon": 3320}}, {"model": "accounts.member_view_webtoons", "pk": 188, "fields": {"member": 1, "webtoon": 3281}}, {"model": "accounts.member_view_webtoons", "pk": 189, "fields": {"member": 1, "webtoon": 3313}}, {"model": "accounts.member_view_webtoons", "pk": 190, "fields": {"member": 1, "webtoon": 3275}}, {"model": "accounts.member_view_webtoons", "pk": 191, "fields": {"member": 1, "webtoon": 4436}}, {"model": "accounts.member_view_webtoons", "pk": 192, "fields": {"member": 1, "webtoon": 3324}}, {"model": "accounts.member_view_webtoons", "pk": 193, "fields": {"member": 1, "webtoon": 4403}}, {"model": "accounts.member_view_webtoons", "pk": 194, "fields": {"member": 1, "webtoon": 4489}}, {"model": "accounts.member_view_webtoons", "pk": 195, "fields": {"member": 1, "webtoon": 4603}}, {"model": "accounts.member_view_webtoons", "pk": 196, "fields": {"member": 33, "webtoon": 1073}}, {"model": "accounts.member_view_webtoons", "pk": 197, "fields": {"member": 33, "webtoon": 636}}, {"model": "accounts.member_view_webtoons", "pk": 198, "fields": {"member": 33, "webtoon": 64}}, {"model": "accounts.member_view_webtoons", "pk": 199, "fields": {"member": 33, "webtoon": 167}}, {"model": "accounts.member_view_webtoons", "pk": 200, "fields": {"member": 33, "webtoon": 43}}, {"model": "accounts.member_view_webtoons", "pk": 201, "fields": {"member": 17, "webtoon": 1883}}, {"model": "accounts.member_view_webtoons", "pk": 202, "fields": {"member": 35, "webtoon": 850}}, {"model": "accounts.member_view_webtoons", "pk": 203, "fields": {"member": 35, "webtoon": 880}}, {"model": "accounts.member_view_webtoons", "pk": 204, "fields": {"member": 15, "webtoon": 284}}, {"model": "accounts.member_view_webtoons", "pk": 205, "fields": {"member": 39, "webtoon": 275}}, {"model": "accounts.member_view_webtoons", "pk": 206, "fields": {"member": 40, "webtoon": 2743}}, {"model": "accounts.member_view_webtoons", "pk": 207, "fields": {"member": 40, "webtoon": 233}}, {"model": "accounts.member_view_webtoons", "pk": 208, "fields": {"member": 1, "webtoon": 4411}}, {"model": "accounts.member_view_webtoons", "pk": 209, "fields": {"member": 39, "webtoon": 2126}}, {"model": "accounts.member_view_webtoons", "pk": 211, "fields": {"member": 41, "webtoon": 4781}}, {"model": "accounts.member_view_webtoons", "pk": 213, "fields": {"member": 41, "webtoon": 818}}, {"model": "accounts.member_view_webtoons", "pk": 214, "fields": {"member": 41, "webtoon": 13}}, {"model": "accounts.member_view_webtoons", "pk": 215, "fields": {"member": 41, "webtoon": 1144}}, {"model": "accounts.member_view_webtoons", "pk": 216, "fields": {"member": 41, "webtoon": 78}}, {"model": "accounts.member_view_webtoons", "pk": 217, "fields": {"member": 43, "webtoon": 166}}, {"model": "accounts.member_view_webtoons", "pk": 218, "fields": {"member": 33, "webtoon": 23}}, {"model": "accounts.member_view_webtoons", "pk": 219, "fields": {"member": 41, "webtoon": 786}}, {"model": "accounts.member_view_webtoons", "pk": 220, "fields": {"member": 41, "webtoon": 1359}}, {"model": "accounts.member_view_webtoons", "pk": 221, "fields": {"member": 47, "webtoon": 2076}}, {"model": "accounts.member_view_webtoons", "pk": 222, "fields": {"member": 47, "webtoon": 3158}}, {"model": "accounts.member_view_webtoons", "pk": 223, "fields": {"member": 47, "webtoon": 4066}}, {"model": "accounts.member_view_webtoons", "pk": 224, "fields": {"member": 47, "webtoon": 2060}}, {"model": "accounts.member_view_webtoons", "pk": 225, "fields": {"member": 47, "webtoon": 2255}}, {"model": "accounts.member_view_webtoons", "pk": 226, "fields": {"member": 50, "webtoon": 3782}}, {"model": "accounts.member_view_webtoons", "pk": 227, "fields": {"member": 52, "webtoon": 636}}, {"model": "accounts.member_view_webtoons", "pk": 228, "fields": {"member": 52, "webtoon": 64}}, {"model": "accounts.member_view_webtoons", "pk": 229, "fields": {"member": 52, "webtoon": 1195}}, {"model": "accounts.member_view_webtoons", "pk": 230, "fields": {"member": 52, "webtoon": 1437}}, {"model": "accounts.member_view_webtoons", "pk": 231, "fields": {"member": 49, "webtoon": 167}}, {"model": "accounts.member_view_webtoons", "pk": 232, "fields": {"member": 49, "webtoon": 1179}}, {"model": "accounts.member_view_webtoons", "pk": 233, "fields": {"member": 49, "webtoon": 632}}, {"model": "accounts.member_view_webtoons", "pk": 234, "fields": {"member": 49, "webtoon": 275}}, {"model": "accounts.member_view_webtoons", "pk": 235, "fields": {"member": 54, "webtoon": 1546}}, {"model": "accounts.member_view_webtoons", "pk": 236, "fields": {"member": 54, "webtoon": 46}}, {"model": "accounts.member_view_webtoons", "pk": 237, "fields": {"member": 54, "webtoon": 27}}, {"model": "accounts.member_view_webtoons", "pk": 238, "fields": {"member": 54, "webtoon": 237}}, {"model": "accounts.member_view_webtoons", "pk": 239, "fields": {"member": 54, "webtoon": 167}}, {"model": "accounts.member_view_webtoons", "pk": 240, "fields": {"member": 58, "webtoon": 2060}}, {"model": "accounts.member_view_webtoons", "pk": 241, "fields": {"member": 16, "webtoon": 3472}}, {"model": "accounts.member_view_webtoons", "pk": 242, "fields": {"member": 14, "webtoon": 1190}}, {"model": "accounts.member_view_webtoons", "pk": 243, "fields": {"member": 54, "webtoon": 1209}}, {"model": "accounts.member_view_webtoons", "pk": 244, "fields": {"member": 61, "webtoon": 64}}, {"model": "accounts.member_view_webtoons", "pk": 245, "fields": {"member": 62, "webtoon": 64}}, {"model": "accounts.member_view_webtoons", "pk": 246, "fields": {"member": 62, "webtoon": 1209}}, {"model": "accounts.member_view_webtoons", "pk": 247, "fields": {"member": 63, "webtoon": 64}}]