[{"model": "games.question", "pk": 1, "fields": {"question": "로맨스 영화 좋아해?", "option1": "응! 영화는 역시 로맨스지..", "option2": "아니..남 사랑 얘기 봐서 뭐해?"}}, {"model": "games.question", "pk": 2, "fields": {"question": "길 가다가 도움이 필요한 사람이 있으면 도와줄거야?", "option1": "응. 사람은 돕고 살아야지.", "option2": "아니..난 휘말리는 거 싫어.."}}, {"model": "games.question", "pk": 3, "fields": {"question": "평소에 공상이나 상상을 자주 해?", "option1": "응..생각하느라 가끔 현실을 잊어버려..", "option2": "아니!! 쓸데 없는 생각 해서 뭐해?"}}, {"model": "games.question", "pk": 4, "fields": {"question": "지금 8억 받기 vs 1년동안 매년 1억 받기", "option1": "무조건 지금 받는게 최고지!!", "option2": "좀만 기다리면 더 많이 받을 수 있잖아!"}}]